<?xml version="1.0" encoding="utf-8"?>
<!DOCTYPE correo>
<mensajes>
     <mensaje>
        <remite>
           <nombre>Alfredo Reino</nombre>
           <email>alf@ibium.com</email>
        </remite> 

        <destinatario>
            <nombre>Bil Clinton</nombre>
            <email>president@whitehouse.gov</email>
        </destinatario>

        <asunto>Hola bill</asunto>

        <texto>
             <parrafo1>¿Hola que tal?</parrafo1>
             <parrafo2>Hace mucho tiempo que no escribes. A ver si llamas y quedamos pronto</parrafo2>
             <parrafo3>Un saludo</parrafo3>
        </texto>
     
     </mensaje>


</mensajes>