<?xml version="1.0" encoding="UTF-8"?>
<shiporder orderid="12"
    xmlns:xsi="http://www.w3.org/2001/XMLSchema-instance"
    xsi:noNamespaceSchemaLocation="ejercicio4.xsd">
    <orderperson>string</orderperson>
      <shipto>
        <name>12083</name>
        <address>14263</address>
        <city>Sevilla</city>
        <country>Españita</country>
      </shipto>
      <item>
        <title>tti</title>
        <note>takities</note>
        <quantity>5508</quantity>
        <price>-1919.65042</price>
      </item>
      <item>
        <title>serty</title>
        <note>xdrty</note>
        <quantity>5508</quantity>
        <price>-19519.75042</price>
      </item>
</shiporder>